{
    "model": "LinearRegression",
    "features": [
        "u",
        "g",
        "r",
        "i",
        "z"
    ],
    "target": "redshift",
    "train_size": 700,
    "test_size": 300,
    "mse": 0.298483901818994,
    "r2": 0.5153400240858401,
    "coefficients": {
        "u": -0.1577644217598166,
        "g": -0.2402852153281186,
        "r": -0.00969466340544679,
        "i": 0.34968733558671056,
        "z": 0.43977041467313704
    },
    "intercept": -6.60023203183441
}